Was heißt eigentlich „BOKraft“?,Handelsgesetz,Verordnung über den Betrieb von Kraftfahrunternehmen im Personenverkehr.,Kranken-. allgem. Satz 14.9% (Kinderlöse -2.2%),Arbeitslosen-. 3%,das Betriebsvermögen mehr als 87.500 € oder,Pflege-. 1.95%,Unfallversicherung,Die Unfallversicherung zahlt zu 100 % der Arbeitgeber. alle anderen Versicherungen trägt zur Hälfte der Arbeitgeber und zur Hälfte der AN,
Für welchen Geltungsbereich findet die BOKraft Anwendung?,Handelsgesetz,Verordnung über den Betrieb von Kraftfahrunternehmen im Personenverkehr.,Für Unternehmen. die Fahrgäste mit Kfz oder Obussen befördern. soweit sie den Vorschriften des PBefG unterliegen,Arbeitslosen-. 3%,das Betriebsvermögen mehr als 87.500 € oder,Pflege-. 1.95%,Unfallversicherung,Die Unfallversicherung zahlt zu 100 % der Arbeitgeber. alle anderen Versicherungen trägt zur Hälfte der Arbeitgeber und zur Hälfte der AN,
Was ist in der BOKraft im wesentlichen geregelt?,Vorschriften über den Betrieb (Betriebsleitung. Fahrdienst. Fahrgäste. Beförderungspflicht),Vorschriften über die Ausrüstung und Beschaffenheit der Fahrzeuge,Sondervorschriften der einzelnen Verkehrsarten.,Sondervorschriften über die Untersuchung der Fahrzeuge,das Betriebsvermögen mehr als 87.500 € oder,Pflege-. 1.95%,Unfallversicherung,Die Unfallversicherung zahlt zu 100 % der Arbeitgeber. alle anderen Versicherungen trägt zur Hälfte der Arbeitgeber und zur Hälfte der AN,
Welche Pflichten hat der Unternehmer nach BOKraft? Wofür ist der Unternehmer verantwortlich?,Vorschriften über den Betrieb (Betriebsleitung. Fahrdienst. Fahrgäste. Beförderungspflicht),Vorschriften über die Ausrüstung und Beschaffenheit der Fahrzeuge,Sondervorschriften der einzelnen Verkehrsarten.,Sondervorschriften über die Untersuchung der Fahrzeuge,Er muss kontrollieren. dass die Vorschriften des PBefG. der BOKraft und behördlich ergangene Anordnungen. in seinem Betrieb befolgt werden,der Betrieb ordnungsgemäß geführt wird,sich Fahrzeuge und Betriebsanlagen in vorschriftsmäßigem Zustand befinden,nur Fahrpersonal eingesetzt wird. das grundsätzlich eine sichere Beförderung gewährleistet.,
Nennen Sie den wesentlichen Inhalt einer Dienstanweisung. Welchen Inhalt hat eine Dienstanweisung?,Vorschriften über den Betrieb (Betriebsleitung. Fahrdienst. Fahrgäste. Beförderungspflicht),Vorschriften über die Ausrüstung und Beschaffenheit der Fahrzeuge,Bestimmungen über den Aufgabenbereich. die Verantwortlichkeit und das Verhalten des Betriebspersonals während des Dienstes und,über Maßnahmen bei Unfällen oder Betriebsstörungen.,Er muss kontrollieren. dass die Vorschriften des PBefG. der BOKraft und behördlich ergangene Anordnungen. in seinem Betrieb befolgt werden,der Betrieb ordnungsgemäß geführt wird,sich Fahrzeuge und Betriebsanlagen in vorschriftsmäßigem Zustand befinden,nur Fahrpersonal eingesetzt wird. das grundsätzlich eine sichere Beförderung gewährleistet.,
Was kann in Dienstplänen für den Taxiverkehr geregelt sein?,Vorschriften über den Betrieb (Betriebsleitung. Fahrdienst. Fahrgäste. Beförderungspflicht),Vorschriften über die Ausrüstung und Beschaffenheit der Fahrzeuge,Bestimmungen über den Aufgabenbereich. die Verantwortlichkeit und das Verhalten des Betriebspersonals während des Dienstes und,über Maßnahmen bei Unfällen oder Betriebsstörungen.,Er muss kontrollieren. dass die Vorschriften des PBefG. der BOKraft und behördlich ergangene Anordnungen. in seinem Betrieb befolgt werden,ein zeitlich und örtlich dem Verkehrsbedürfnis entsprechendes Taxiangebot zu gewährleisten,sich Fahrzeuge und Betriebsanlagen in vorschriftsmäßigem Zustand befinden,nur Fahrpersonal eingesetzt wird. das grundsätzlich eine sichere Beförderung gewährleistet.,
Was versteht man unter einem Betriebsleiter?,Bestimmungen über den Aufgabenbereich. die Verantwortlichkeit und das Verhalten des Betriebspersonals während des Dienstes und,über Maßnahmen bei Unfällen oder Betriebsstörungen.,Er muss kontrollieren. dass die Vorschriften des PBefG. der BOKraft und behördlich ergangene Anordnungen. in seinem Betrieb befolgt werden,ein zeitlich und örtlich dem Verkehrsbedürfnis entsprechendes Taxiangebot zu gewährleisten,Ein Betriebsleiter ist ein vom Unternehmer eingesetzter Angestellter. der die Pflichten des Unternehmers wahrzunehmen hat. ohne diesen dadurch aus seiner eigenen Verantwortung für den Betrieb zu entlassen,Pflege-. 1.95%,Unfallversicherung,Die Unfallversicherung zahlt zu 100 % der Arbeitgeber. alle anderen Versicherungen trägt zur Hälfte der Arbeitgeber und zur Hälfte der AN,
Gibt es Fälle. in denen ein Betriebsleiter bestellt werden muss?,Wenn es die Genehmigungsbehörde anordnet.,über Maßnahmen bei Unfällen oder Betriebsstörungen.,wenn im Unternehmen regelmäßig mehr als 10 Kfz verwendet werden oder,ein zeitlich und örtlich dem Verkehrsbedürfnis entsprechendes Taxiangebot zu gewährleisten,wenn andere betriebliche Umstände (z.B. Niederlassungen) dafür sprechen,Pflege-. 1.95%,Unfallversicherung,Die Unfallversicherung zahlt zu 100 % der Arbeitgeber. alle anderen Versicherungen trägt zur Hälfte der Arbeitgeber und zur Hälfte der AN,
Welche Vorkommnisse müssen der Genehmigungsbehörde gemeldet werden?,über Maßnahmen bei Unfällen oder Betriebsstörungen.,Betriebsvorkommnisse. die ein öffentliches Aufsehen erregen (z.B. Unfall. Brand. Gebäudeeinsturz auf dem Betriebsgelände),wenn im Unternehmen regelmäßig mehr als 10 Kfz verwendet werden oder,Unfälle. bei denen ein Mensch getötet oder schwer verletzt worden ist und,wenn andere betriebliche Umstände (z.B. Niederlassungen) dafür sprechen,Betriebsstörungen (z.B. Streik. Naturkatastrophen) im Obusverkehr und im Linienverkehr mit Kfz. die voraussichtlich länger als 24 Std. dauern,Pflege-. 1.95%,Unfallversicherung,
Wie haben sich Taxifahrer im Allgemeinen gegenüber ihren Fahrgästen zu verhalten?,über Maßnahmen bei Unfällen oder Betriebsstörungen.,Betriebsvorkommnisse. die ein öffentliches Aufsehen erregen (z.B. Unfall. Brand. Gebäudeeinsturz auf dem Betriebsgelände),Das Fahrpersonal hat sich rücksichtsvoll und besonnen zu verhalten.,Unfälle. bei denen ein Mensch getötet oder schwer verletzt worden ist und,wenn andere betriebliche Umstände (z.B. Niederlassungen) dafür sprechen,Betriebsstörungen (z.B. Streik. Naturkatastrophen) im Obusverkehr und im Linienverkehr mit Kfz. die voraussichtlich länger als 24 Std. dauern,Pflege-. 1.95%,Unfallversicherung,
Welche Regeln hat das Fahrpersonal im Fahrdienst zu beachten?,Das Fahrpersonal hat sich rücksichtsvoll und besonnen zu verhalten.,Verbot der Fahrtätigkeit bei bestimmten. übertragbaren Krankheiten (Diphtherie. Lungentuberkulose etc.),wenn andere betriebliche Umstände (z.B. Niederlassungen) dafür sprechen,kein Fernsehempfänger (während der Fahrt);,Das Fahrpersonal hat sich rücksichtsvoll und besonnen zu verhalten.,Gebot eines rücksichtsvollen und besonnen Verhaltens. • Keine alkoholischen Getränke oder die Fahrtüchtigkeit beeinträchtigenden Mittel (weder während der Fahrt noch beim Fahrantritt unter ihrer Wirkung stehen),Unfallversicherung,Rauchverbot während der Beförderung. (Ausnahme: Zustimmung des Fahrgastes).,
Wie sind Fundsachen zu behandeln?,muss nach jeder Fahrt festgestellt werden. ob Fundsachen zurückgeblieben sind,Verbot der Fahrtätigkeit bei bestimmten. übertragbaren Krankheiten (Diphtherie. Lungentuberkulose etc.),können diese nicht sofort zurückgegeben werden. so sind sie sofort nach Feierabend im Betrieb oder an einer von der Genehmigungsbehörde benannten Stelle abzuliefern,kein Fernsehempfänger (während der Fahrt);,Das Fahrpersonal hat sich rücksichtsvoll und besonnen zu verhalten.,Gebot eines rücksichtsvollen und besonnen Verhaltens. • Keine alkoholischen Getränke oder die Fahrtüchtigkeit beeinträchtigenden Mittel (weder während der Fahrt noch beim Fahrantritt unter ihrer Wirkung stehen),Unfallversicherung,Rauchverbot während der Beförderung. (Ausnahme: Zustimmung des Fahrgastes).,
Welche Papiere muss ein Mietwagenfahrer mitführen? Welche Dokumente und Urkunden hat der Taxifahrer während der Fahrt mitzuführen?,Führerschein.,Fahrerlaubnis zur Fahrgastbeförderung,Fahrzeugschein. AU-Bescheinigung,Stadtplan,Genehmigungsurkunde oder den Konzessionsauszug,Sozialversicherungsausweis mit Lichtbild,Sozialversicherungsausweis mit Lichtbild,Genehmigung für Außenwerbung,
Darf der Taxi- und Mietwagenfahrer während des Fahrauftrages rauchen?,Führerschein.,Fahrerlaubnis zur Fahrgastbeförderung,Nein. Rauchverbot,Stadtplan,Genehmigungsurkunde oder den Konzessionsauszug,Sozialversicherungsausweis mit Lichtbild,Sozialversicherungsausweis mit Lichtbild,Genehmigung für Außenwerbung,
Welcher Fahrweg ist zu wählen?,Führerschein.,Fahrerlaubnis zur Fahrgastbeförderung,Nein. Rauchverbot,Der Taxifahrer hat den kürzesten Weg zum Fahrtziel zu wählen. wenn der Fahrgast nichts anderes bestimmt.,Stadtplan,Genehmigungsurkunde oder den Konzessionsauszug,Sozialversicherungsausweis mit Lichtbild,Sozialversicherungsausweis mit Lichtbild,
Welchen Fahrweg hat der Mietwagenfahrer zu wählen?,Führerschein.,Fahrerlaubnis zur Fahrgastbeförderung,Nein. Rauchverbot,Der Taxifahrer hat den kürzesten Weg zum Fahrtziel zu wählen. wenn der Fahrgast nichts anderes bestimmt.,Der Mietfahrer hat den verkehrsgünstigen Weg zum Fahrtziel zu wählen. wenn d. Fahrgast nichts anderes bestimmt.,Stadtplan,Genehmigungsurkunde oder den Konzessionsauszug,Sozialversicherungsausweis mit Lichtbild,
Der Mietfahrer hat den verkehrsgünstigen Weg zum Fahrtziel zu wählen. wenn d. Fahrgast nichts anderes bestimmt.,Gebot eines rücksichtsvollen und besonnen Verhaltens. • Keine alkoholischen Getränke oder die Fahrtüchtigkeit beeinträchtigenden Mittel (weder während der Fahrt noch beim Fahrantritt unter ihrer Wirkung stehen),Ja. Aber darf durch die Mitnahme von Gepäckstücken die Sicherheit und Ordnung beim Betrieb des Taxis nicht gefährdet werden. Ein Anspruch auf die Beförderung von gefährlichen Stoffen oder Gegenständen besteht nicht.,Fahrerlaubnis zur Fahrgastbeförderung,Nein. Rauchverbot,Der Taxifahrer hat den kürzesten Weg zum Fahrtziel zu wählen. wenn der Fahrgast nichts anderes bestimmt.,Der Mietfahrer hat den verkehrsgünstigen Weg zum Fahrtziel zu wählen. wenn d. Fahrgast nichts anderes bestimmt.,Stadtplan,Genehmigungsurkunde oder den Konzessionsauszug,
Wie viele Gepäck muss ein Taxi auch bei vollständiger Besetzung mindestens befördern können?,Gebot eines rücksichtsvollen und besonnen Verhaltens. • Keine alkoholischen Getränke oder die Fahrtüchtigkeit beeinträchtigenden Mittel (weder während der Fahrt noch beim Fahrantritt unter ihrer Wirkung stehen),Ja. Aber darf durch die Mitnahme von Gepäckstücken die Sicherheit und Ordnung beim Betrieb des Taxis nicht gefährdet werden. Ein Anspruch auf die Beförderung von gefährlichen Stoffen oder Gegenständen besteht nicht.,Fahrerlaubnis zur Fahrgastbeförderung,Mindestens 50 kg,Nein. Rauchverbot,Der Taxifahrer hat den kürzesten Weg zum Fahrtziel zu wählen. wenn der Fahrgast nichts anderes bestimmt.,Der Mietfahrer hat den verkehrsgünstigen Weg zum Fahrtziel zu wählen. wenn d. Fahrgast nichts anderes bestimmt.,Stadtplan,
Wann können Personen von der Beförderung ausgeschlossen werden? Welche Personen können von der Beförderung ausgeschlossen werden?,Ja. Aber darf durch die Mitnahme von Gepäckstücken die Sicherheit und Ordnung beim Betrieb des Taxis nicht gefährdet werden. Ein Anspruch auf die Beförderung von gefährlichen Stoffen oder Gegenständen besteht nicht.,Fahrerlaubnis zur Fahrgastbeförderung,Mindestens 50 kg,Nein. Rauchverbot,Der Taxifahrer hat den kürzesten Weg zum Fahrtziel zu wählen. wenn der Fahrgast nichts anderes bestimmt.,Der Mietfahrer hat den verkehrsgünstigen Weg zum Fahrtziel zu wählen. wenn d. Fahrgast nichts anderes bestimmt.,Personen. die eine Gefahr für die Sicherheit und Ordnung beim Betrieb des Taxis oder für andere Fahrgäste darstellen. z.B. schwer Betrunkene oder Personen mit geladenen Schusswaffen.,Ein bereits mitgenommener Fahrgast kann von der weiteren Beförderung ausgeschlossen und zum Verlassen des Taxis aufgefordert werden. wenn er eine Gefahr darstellt,
Nennen Sie 5 Punkte. die dem Fahrgast während der Fahrt ausdrücklich untersagt sind.,die Türen während der Fahrt zu öffnen,Gegenstände aus dem Fahrzeug zu werfen oder hinausragen zu lassen.,Nein. Rauchverbot,ein als besetzt bezeichnetes Fahrzeug zu betreten,Der Taxifahrer hat den kürzesten Weg zum Fahrtziel zu wählen. wenn der Fahrgast nichts anderes bestimmt.,Stadtplan,in einem Taxi zu rauchen.,Fernsehrundfunkempfänger zu benutzen,
Darf ein Taxi ohne Fahrerlaubnis zur Fahrgastbeförderung fahren?,die Türen während der Fahrt zu öffnen,Gegenstände aus dem Fahrzeug zu werfen oder hinausragen zu lassen.,Nein. Rauchverbot,ein als besetzt bezeichnetes Fahrzeug zu betreten,Der Taxifahrer hat den kürzesten Weg zum Fahrtziel zu wählen. wenn der Fahrgast nichts anderes bestimmt.,Ja. solange das Taxi nicht zur Fahrgastbeförderung bereitgehalten wird (z.B. Werkstattfahrten),in einem Taxi zu rauchen.,Fernsehrundfunkempfänger zu benutzen,
Müssen ein Taxen nach außen und innen wirkendes Schild mit der Ordnungsnummer haben. Wo ist dieses Schild anzubringen?,Gegenstände aus dem Fahrzeug zu werfen oder hinausragen zu lassen.,Fernsehrundfunkempfänger zu benutzen,Ja. an der rechten unteren Ecke der Heckscheibe.,Nein. Rauchverbot,ein als besetzt bezeichnetes Fahrzeug zu betreten,Der Taxifahrer hat den kürzesten Weg zum Fahrtziel zu wählen. wenn der Fahrgast nichts anderes bestimmt.,Ja. solange das Taxi nicht zur Fahrgastbeförderung bereitgehalten wird (z.B. Werkstattfahrten),in einem Taxi zu rauchen.,
Müssen Taxi- und Mietwagen mit einer Alarmanlage versehen sein?,Fernsehrundfunkempfänger zu benutzen,Ja. die Alarmanlage ist das einzige Sicherheitssystem. das die BOKraft vorsieht.,Ja. an der rechten unteren Ecke der Heckscheibe.,Nein. Rauchverbot,ein als besetzt bezeichnetes Fahrzeug zu betreten,Der Taxifahrer hat den kürzesten Weg zum Fahrtziel zu wählen. wenn der Fahrgast nichts anderes bestimmt.,Ja. solange das Taxi nicht zur Fahrgastbeförderung bereitgehalten wird (z.B. Werkstattfahrten),in einem Taxi zu rauchen.,
Ja. die Alarmanlage ist das einzige Sicherheitssystem. das die BOKraft vorsieht. sein?,die Alarmanlage muss vom Fahrersitz aus in Betrieb gesetzt werden können.,Fernsehrundfunkempfänger zu benutzen,Ja. die Alarmanlage ist das einzige Sicherheitssystem. das die BOKraft vorsieht.,Ja. an der rechten unteren Ecke der Heckscheibe.,Nein. Rauchverbot,Der Taxifahrer hat den kürzesten Weg zum Fahrtziel zu wählen. wenn der Fahrgast nichts anderes bestimmt.,sie muss die Hupe zum Tönen in Intervallen. die Scheinwerfer und die hinteren Fahrtrichtungsanzeiger zum Blinken bringen.,zusätzlich kann das Taxischild. auch mittels eingebauter roter Leuchtdioden. zum Blinken gebracht werden.,
Wie viele Türen müssen Taxi- und Mietwagen mindestens haben und wo?,Fernsehrundfunkempfänger zu benutzen,Ja. die Alarmanlage ist das einzige Sicherheitssystem. das die BOKraft vorsieht.,Ja. an der rechten unteren Ecke der Heckscheibe.,Nein. Rauchverbot,2 Türen mindestens an der rechten Längsseite.,Der Taxifahrer hat den kürzesten Weg zum Fahrtziel zu wählen. wenn der Fahrgast nichts anderes bestimmt.,sie muss die Hupe zum Tönen in Intervallen. die Scheinwerfer und die hinteren Fahrtrichtungsanzeiger zum Blinken bringen.,zusätzlich kann das Taxischild. auch mittels eingebauter roter Leuchtdioden. zum Blinken gebracht werden.,
Was ist zu beachten. wenn Kinder unter 12 Jahren befördert werden sollen?,Fernsehrundfunkempfänger zu benutzen,Kinder der Gewichtsklasse 0 (0-9 kg) müssen bei Beförderungen mit dem Taxi nicht gesichert werden.,Ja. an der rechten unteren Ecke der Heckscheibe.,Nein. Rauchverbot,2 Türen mindestens an der rechten Längsseite.,Der Taxifahrer hat den kürzesten Weg zum Fahrtziel zu wählen. wenn der Fahrgast nichts anderes bestimmt.,Kindern unter 12 Jahren. die kleiner als 150 cm sind nur auf den hinteren Sitzplätzen zu befördern. es sei denn. dass die hinteren Plätze bereits durch Kinder besetzt sind.,für die Beförderung von Kindern ist auf allen Sitzen eine Rückhalteeinrichtung für Kinder vorgeschrieben.,
Nennen Sie 2 äußere Merkmale eines Taxis!,Fernsehrundfunkempfänger zu benutzen,Kinder der Gewichtsklasse 0 (0-9 kg) müssen bei Beförderungen mit dem Taxi nicht gesichert werden.,hell-elfenbeinfarbigen Anstrich.,2 Türen mindestens an der rechten Längsseite.,Taxischild auf dem Dach der Taxe.,Der Taxifahrer hat den kürzesten Weg zum Fahrtziel zu wählen. wenn der Fahrgast nichts anderes bestimmt.,Kindern unter 12 Jahren. die kleiner als 150 cm sind nur auf den hinteren Sitzplätzen zu befördern. es sei denn. dass die hinteren Plätze bereits durch Kinder besetzt sind.,für die Beförderung von Kindern ist auf allen Sitzen eine Rückhalteeinrichtung für Kinder vorgeschrieben.,
Wie muss ein Taxi ausgestattet sein? Nennen Sie 5 Ausrüstungsgegenstände. die sich laut der Betriebsordnung an oder in einem Nichtraucher-Taxi befinden müssen.,hell-elfenbeinfarbiger Anstrich.,Taxischild (beleuchtbar).,Ordnungsnummer (in der Heckscheibe),Schild mit Namen und Betriebssitz des Unternehmens (im Wageninnern).,Fahrpreisanzeiger,Alarmanlage,Sicherheitsgurt auf allen Sitzplätzen,Nichtraucher-Taxi-Sinnbild,
Welche weitere Beschriftung muss ein Taxi enthalten?,Kinder der Gewichtsklasse 0 (0-9 kg) müssen bei Beförderungen mit dem Taxi nicht gesichert werden.,hell-elfenbeinfarbigen Anstrich.,2 Türen mindestens an der rechten Längsseite.,an der rechten unteren Ecke der Heckscheibe ist ein nach außen und innen wirkendes Schild mit Ordnungsnummer. die die Genehmigungsbehörde erteilt hat. anzubringen.,im Wageninnern ist an einer für den Fahrgast gut sichtbaren Stelle ein Schild mit Namen und Betriebssitz des Unternehmers anzubringen.,Warnweste,Warndreieck,Wenn es die Witterungsverhältnisse erfordern. dann Winterreifen. Schneeketten. Spaten und Hacke und Abschleppseil oder -stange,
Welche Ausrüstungsgegenstände sind im Taxi mitzuführen?,Erste-Hilfe-Material.,hell-elfenbeinfarbigen Anstrich.,Rückhalteeinrichtung für Kinder.,im Wageninnern ist an einer für den Fahrgast gut sichtbaren Stelle ein Schild mit Namen und Betriebssitz des Unternehmers anzubringen.,Feuerlöscher wird empfohlen. ist aber keine Pflicht.,Warnweste,Warndreieck,Wenn es die Witterungsverhältnisse erfordern. dann Winterreifen. Schneeketten. Spaten und Hacke und Abschleppseil oder -stange,
Welche Kleidung ist bei Reparaturen und Unfallen,Erste-Hilfe-Material.,hell-elfenbeinfarbigen Anstrich.,Rückhalteeinrichtung für Kinder.,Bei Unfällen oder Reparaturen auf der Straße ist die Warnweste anzuziehen,Feuerlöscher wird empfohlen. ist aber keine Pflicht.,Warnweste,Warndreieck,Wenn es die Witterungsverhältnisse erfordern. dann Winterreifen. Schneeketten. Spaten und Hacke und Abschleppseil oder -stange,
Wo ist ein Taxischild anzubringen?,Erste-Hilfe-Material.,hell-elfenbeinfarbigen Anstrich.,Rückhalteeinrichtung für Kinder.,Bei Unfällen oder Reparaturen auf der Straße ist die Warnweste anzuziehen,Feuerlöscher wird empfohlen. ist aber keine Pflicht.,Auf dem Dach des Taxis ist ein von innen beleuchtbares quer zur Fahrtrichtung angebrachtes Schild zu installieren. das auf der Vorder- und Rückseite die Aufschrift TAXI enthält.,Warndreieck,Wenn es die Witterungsverhältnisse erfordern. dann Winterreifen. Schneeketten. Spaten und Hacke und Abschleppseil oder -stange,
Wann muss das Taxischild beleuchtet sein und wann nicht? Wie ist das Taxischild zu benutzen?,Rückhalteeinrichtung für Kinder.,innerhalb des Pflichtfahrgebietes. wenn keine Fahrtauf- träge ausgeführt werden,Bei Unfällen oder Reparaturen auf der Straße ist die Warnweste anzuziehen,bei der Bereitstellung am Taxenstand.,Außerhalb des Geltungsbereiches,während der Durchführung eines Fahrauftrages,beim Leerfahrt zum Kunden. da ein Fahrauftrag vorliegt,Warndreieck,
Warum dürfen am Mietwagen keine Nichtraucher-Symbole nach BOKraft angebracht werden?,innerhalb des Pflichtfahrgebietes. wenn keine Fahrtauf- träge ausgeführt werden,Bei Unfällen oder Reparaturen auf der Straße ist die Warnweste anzuziehen,Mietwagen hat keine Beförderungspflicht. deshalb kann der Fahrer schon aus dem Hausrecht dem Fahrgast das Rauchen verbieten.,bei der Bereitstellung am Taxenstand.,Außerhalb des Geltungsbereiches,während der Durchführung eines Fahrauftrages,beim Leerfahrt zum Kunden. da ein Fahrauftrag vorliegt,Warndreieck,
Ist bei Taxen und Mietwagen Eigen- bzw. Fremdwerbung erlaubt?,innerhalb des Pflichtfahrgebietes. wenn keine Fahrtauf- träge ausgeführt werden,Bei Unfällen oder Reparaturen auf der Straße ist die Warnweste anzuziehen,Mietwagen hat keine Beförderungspflicht. deshalb kann der Fahrer schon aus dem Hausrecht dem Fahrgast das Rauchen verbieten.,bei der Bereitstellung am Taxenstand.,Außerhalb des Geltungsbereiches,während der Durchführung eines Fahrauftrages,Eigenwerbung ist unzulässig. Diese Vorschrift dient der Wahrung der Chancengleichheit der Unternehmer,Fremdwerbung an Taxen und Mietwagen ist nur auf den seitlichen Fahrzeugtüren zulässig. Politische und religiöse Werbung ist unzulässig,
Welche Verkehrsform unterliegt der Tarifpflicht?,bei der Bereitstellung am Taxenstand.,Bei Unfällen oder Reparaturen auf der Straße ist die Warnweste anzuziehen,Mietwagen hat keine Beförderungspflicht. deshalb kann der Fahrer schon aus dem Hausrecht dem Fahrgast das Rauchen verbieten.,Der Tarifpflicht unterliegt der Gelegenheitsverkehr mit Taxen,Außerhalb des Geltungsbereiches,während der Durchführung eines Fahrauftrages,Eigenwerbung ist unzulässig. Diese Vorschrift dient der Wahrung der Chancengleichheit der Unternehmer,Fremdwerbung an Taxen und Mietwagen ist nur auf den seitlichen Fahrzeugtüren zulässig. Politische und religiöse Werbung ist unzulässig,
Welche Wirkung hat die Tarifpflicht wo?,bei der Bereitstellung am Taxenstand.,Bei Unfällen oder Reparaturen auf der Straße ist die Warnweste anzuziehen,Mietwagen hat keine Beförderungspflicht. deshalb kann der Fahrer schon aus dem Hausrecht dem Fahrgast das Rauchen verbieten.,Der Tarifpflicht unterliegt der Gelegenheitsverkehr mit Taxen,Innerhalb des Pflichtfahrgebietes müssen behördlich festgesetzte Beförderungsentgelte (Festpreise) erheben.,während der Durchführung eines Fahrauftrages,Eigenwerbung ist unzulässig. Diese Vorschrift dient der Wahrung der Chancengleichheit der Unternehmer,Fremdwerbung an Taxen und Mietwagen ist nur auf den seitlichen Fahrzeugtüren zulässig. Politische und religiöse Werbung ist unzulässig,
Nennen Sie 4 Preiselemente. aus denen sich der Fahrpreis zusammensetzen kann! Woraus wird der Tarif gebildet?,Grundpreis für Bereitstellung,bei der Bereitstellung am Taxenstand.,Anfahrt und erste Teilstrecke (Anfangstrecke,Mietwagen hat keine Beförderungspflicht. deshalb kann der Fahrer schon aus dem Hausrecht dem Fahrgast das Rauchen verbieten.,Kilometerpreis für die geleistete Beförderung (Fortschaltstrecken),Innerhalb des Pflichtfahrgebietes müssen behördlich festgesetzte Beförderungsentgelte (Festpreise) erheben.,Zeitpreis (Wartezeit). der verkehrsbedingt oder von Fahrgast veranlasst ist.,Zuschlägen (z.B. für die Mitnahme von Reisegepäck. Sachen oder von Tieren und besondere Kosten. wie Straßenbenutzungs- oder Tunnelbenutzungsgebühren).,
Wo und wie häufig sind in der Regel Fahrpreisanzeiger zu eichen?,Grundpreis für Bereitstellung,Die Eichung ist 1 Mal im Jahr durch das Eichamt vorzunehmen. Der Unternehmer ist selbst verantwortlic,Anfahrt und erste Teilstrecke (Anfangstrecke,Mietwagen hat keine Beförderungspflicht. deshalb kann der Fahrer schon aus dem Hausrecht dem Fahrgast das Rauchen verbieten.,Kilometerpreis für die geleistete Beförderung (Fortschaltstrecken),Innerhalb des Pflichtfahrgebietes müssen behördlich festgesetzte Beförderungsentgelte (Festpreise) erheben.,Zeitpreis (Wartezeit). der verkehrsbedingt oder von Fahrgast veranlasst ist.,Zuschlägen (z.B. für die Mitnahme von Reisegepäck. Sachen oder von Tieren und besondere Kosten. wie Straßenbenutzungs- oder Tunnelbenutzungsgebühren).,
Muss sich der Mietwagenunternehmer an Tarife halten?,Grundpreis für Bereitstellung,Die Eichung ist 1 Mal im Jahr durch das Eichamt vorzunehmen. Der Unternehmer ist selbst verantwortlic,Anfahrt und erste Teilstrecke (Anfangstrecke,Nein. der Mietwagenunternehmer muss sich an keine Tarife halten.,Kilometerpreis für die geleistete Beförderung (Fortschaltstrecken),Innerhalb des Pflichtfahrgebietes müssen behördlich festgesetzte Beförderungsentgelte (Festpreise) erheben.,Zeitpreis (Wartezeit). der verkehrsbedingt oder von Fahrgast veranlasst ist.,Zuschlägen (z.B. für die Mitnahme von Reisegepäck. Sachen oder von Tieren und besondere Kosten. wie Straßenbenutzungs- oder Tunnelbenutzungsgebühren).,
Wofür ist im Mietwagen der Wegstreckenzähler?,Grundpreis für Bereitstellung,Die Eichung ist 1 Mal im Jahr durch das Eichamt vorzunehmen. Der Unternehmer ist selbst verantwortlic,Anfahrt und erste Teilstrecke (Anfangstrecke,Nein. der Mietwagenunternehmer muss sich an keine Tarife halten.,Kilometerpreis für die geleistete Beförderung (Fortschaltstrecken),das Beförderungsentgelt wird nach zu vereinbarenden KmPreis berechnet.,Zeitpreis (Wartezeit). der verkehrsbedingt oder von Fahrgast veranlasst ist.,der Wegstreckenzähler dient als Kotrollgerät. um dem Fahrgast die Möglichkeit der Kontrolle des zu zahlenden Entgeltes zu geben,
Kann ein Fahrzeug sowohl als Taxi als auch als Mietwagen eingesetzt werden?,Die Eichung ist 1 Mal im Jahr durch das Eichamt vorzunehmen. Der Unternehmer ist selbst verantwortlic,Anfahrt und erste Teilstrecke (Anfangstrecke,Ja. in Orten unter 50.000 Einwohnern kann für einen Pkw die Genehmigung zum Taxi- und Mietwagenverkehr beantragt und erteilt werden.,Nein. der Mietwagenunternehmer muss sich an keine Tarife halten.,Kilometerpreis für die geleistete Beförderung (Fortschaltstrecken),das Beförderungsentgelt wird nach zu vereinbarenden KmPreis berechnet.,Zeitpreis (Wartezeit). der verkehrsbedingt oder von Fahrgast veranlasst ist.,der Wegstreckenzähler dient als Kotrollgerät. um dem Fahrgast die Möglichkeit der Kontrolle des zu zahlenden Entgeltes zu geben,
Was hat der Unternehmer zu beachten. wenn er sein Fahrzeug sowohl als Taxi als auch als Mietwagen einsetzt?,Solche Fahrzeuge müssen den Vorschriften entsprechen. welche die BOKraft für Taxi und für Mietwagen vorsieht (der Farbanstrich. das Taxischild. die Ordnungsnummer. der Fahrpreisanzeiger und der Wegstreckenzähler).,Anfahrt und erste Teilstrecke (Anfangstrecke,Ja. in Orten unter 50.000 Einwohnern kann für einen Pkw die Genehmigung zum Taxi- und Mietwagenverkehr beantragt und erteilt werden.,wenn das Fahrzeug als Mietwagen genutzt wird. dürfen die Taximerkmale nicht verwendet werden (Taxi- und Ordnungsnummernschild),wenn ein Fahrzeug gering als Mietwagen genutzt wird. kann die Genehmigungsbehörde gestatten. dass das Fahrzeug nur mit einem Fahrpreisanzeiger ausgerüstet wird. Der Fahrer muss den Fahrgast auf das Fehlen des Wegstreckenzählers und die Art der Berechnung des Beförderungsentgelts hinweisen.,Nein. der Mietwagenunternehmer muss sich an keine Tarife halten.,Kilometerpreis für die geleistete Beförderung (Fortschaltstrecken),das Beförderungsentgelt wird nach zu vereinbarenden KmPreis berechnet.,
Wenn im Rahmen einer Doppelgenehmigung Mietwagenverkehr ausgeführt wird. was ist dann zu beachten?,Solche Fahrzeuge müssen den Vorschriften entsprechen. welche die BOKraft für Taxi und für Mietwagen vorsieht (der Farbanstrich. das Taxischild. die Ordnungsnummer. der Fahrpreisanzeiger und der Wegstreckenzähler).,Das Taxischild und die Ordnungsnummer dürfen nicht gezeigt werden.,Ja. in Orten unter 50.000 Einwohnern kann für einen Pkw die Genehmigung zum Taxi- und Mietwagenverkehr beantragt und erteilt werden.,wenn das Fahrzeug als Mietwagen genutzt wird. dürfen die Taximerkmale nicht verwendet werden (Taxi- und Ordnungsnummernschild),wenn ein Fahrzeug gering als Mietwagen genutzt wird. kann die Genehmigungsbehörde gestatten. dass das Fahrzeug nur mit einem Fahrpreisanzeiger ausgerüstet wird. Der Fahrer muss den Fahrgast auf das Fehlen des Wegstreckenzählers und die Art der Berechnung des Beförderungsentgelts hinweisen.,Nein. der Mietwagenunternehmer muss sich an keine Tarife halten.,Kilometerpreis für die geleistete Beförderung (Fortschaltstrecken),das Beförderungsentgelt wird nach zu vereinbarenden KmPreis berechnet.,
Wie oft müssen Fahrzeuge. die zur Personenbeförderung dienen. zur Hauptuntersuchung (TÜV)?,Solche Fahrzeuge müssen den Vorschriften entsprechen. welche die BOKraft für Taxi und für Mietwagen vorsieht (der Farbanstrich. das Taxischild. die Ordnungsnummer. der Fahrpreisanzeiger und der Wegstreckenzähler).,Nach Ablauf von 12 Monaten.,Ja. in Orten unter 50.000 Einwohnern kann für einen Pkw die Genehmigung zum Taxi- und Mietwagenverkehr beantragt und erteilt werden.,wenn das Fahrzeug als Mietwagen genutzt wird. dürfen die Taximerkmale nicht verwendet werden (Taxi- und Ordnungsnummernschild),wenn ein Fahrzeug gering als Mietwagen genutzt wird. kann die Genehmigungsbehörde gestatten. dass das Fahrzeug nur mit einem Fahrpreisanzeiger ausgerüstet wird. Der Fahrer muss den Fahrgast auf das Fehlen des Wegstreckenzählers und die Art der Berechnung des Beförderungsentgelts hinweisen.,Nein. der Mietwagenunternehmer muss sich an keine Tarife halten.,Die Genehmigungsbehörde kann gestatten. dass das Fahrzeug nur mit einem Fahrpreisanzeiger (ohne Wegstreckenzähler) ausgestattet sein muss.,Kilometerpreis für die geleistete Beförderung (Fortschaltstrecken),
Welche Unterlage wird über Hauptuntersuchungen gefertigt?,Solche Fahrzeuge müssen den Vorschriften entsprechen. welche die BOKraft für Taxi und für Mietwagen vorsieht (der Farbanstrich. das Taxischild. die Ordnungsnummer. der Fahrpreisanzeiger und der Wegstreckenzähler).,Nach Ablauf von 12 Monaten.,Ja. in Orten unter 50.000 Einwohnern kann für einen Pkw die Genehmigung zum Taxi- und Mietwagenverkehr beantragt und erteilt werden.,wenn das Fahrzeug als Mietwagen genutzt wird. dürfen die Taximerkmale nicht verwendet werden (Taxi- und Ordnungsnummernschild),wenn ein Fahrzeug gering als Mietwagen genutzt wird. kann die Genehmigungsbehörde gestatten. dass das Fahrzeug nur mit einem Fahrpreisanzeiger ausgerüstet wird. Der Fahrer muss den Fahrgast auf das Fehlen des Wegstreckenzählers und die Art der Berechnung des Beförderungsentgelts hinweisen.,Der Untersuchungsbericht.,Die Genehmigungsbehörde kann gestatten. dass das Fahrzeug nur mit einem Fahrpreisanzeiger (ohne Wegstreckenzähler) ausgestattet sein muss.,Kilometerpreis für die geleistete Beförderung (Fortschaltstrecken),
Welche Pflicht hat der Unternehmer. wenn er den Bericht der Hauptuntersuchung vorliegen hat?,Solche Fahrzeuge müssen den Vorschriften entsprechen. welche die BOKraft für Taxi und für Mietwagen vorsieht (der Farbanstrich. das Taxischild. die Ordnungsnummer. der Fahrpreisanzeiger und der Wegstreckenzähler).,Nach Ablauf von 12 Monaten.,Ja. in Orten unter 50.000 Einwohnern kann für einen Pkw die Genehmigung zum Taxi- und Mietwagenverkehr beantragt und erteilt werden.,wenn das Fahrzeug als Mietwagen genutzt wird. dürfen die Taximerkmale nicht verwendet werden (Taxi- und Ordnungsnummernschild),wenn ein Fahrzeug gering als Mietwagen genutzt wird. kann die Genehmigungsbehörde gestatten. dass das Fahrzeug nur mit einem Fahrpreisanzeiger ausgerüstet wird. Der Fahrer muss den Fahrgast auf das Fehlen des Wegstreckenzählers und die Art der Berechnung des Beförderungsentgelts hinweisen.,Der Untersuchungsbericht.,Die Genehmigungsbehörde kann gestatten. dass das Fahrzeug nur mit einem Fahrpreisanzeiger (ohne Wegstreckenzähler) ausgestattet sein muss.,Den Untersuchungsbericht der zuständigen Genehmigungsbehörde vorzulegen.,
Worauf ist bei jeder Hauptuntersuchung (TÜV) besonders zu achten?,Solche Fahrzeuge müssen den Vorschriften entsprechen. welche die BOKraft für Taxi und für Mietwagen vorsieht (der Farbanstrich. das Taxischild. die Ordnungsnummer. der Fahrpreisanzeiger und der Wegstreckenzähler).,Muss festgestellt werden. dass die Kfz den BOKraft Vorschriften entsprechen.,Ja. in Orten unter 50.000 Einwohnern kann für einen Pkw die Genehmigung zum Taxi- und Mietwagenverkehr beantragt und erteilt werden.,wenn das Fahrzeug als Mietwagen genutzt wird. dürfen die Taximerkmale nicht verwendet werden (Taxi- und Ordnungsnummernschild),Nach jeder Hauptuntersuchung hat der Unternehmer eine Ausfertigung des Untersuchungsberichtes unverzüglich der Genehmigungsbehörde vorzulegen.,Der Untersuchungsbericht.,Die Genehmigungsbehörde kann gestatten. dass das Fahrzeug nur mit einem Fahrpreisanzeiger (ohne Wegstreckenzähler) ausgestattet sein muss.,Den Untersuchungsbericht der zuständigen Genehmigungsbehörde vorzulegen.,
In welchen Fällen kann von einer Hauptuntersuchung abgesehen werden?,Solche Fahrzeuge müssen den Vorschriften entsprechen. welche die BOKraft für Taxi und für Mietwagen vorsieht (der Farbanstrich. das Taxischild. die Ordnungsnummer. der Fahrpreisanzeiger und der Wegstreckenzähler).,Muss festgestellt werden. dass die Kfz den BOKraft Vorschriften entsprechen.,Ja. in Orten unter 50.000 Einwohnern kann für einen Pkw die Genehmigung zum Taxi- und Mietwagenverkehr beantragt und erteilt werden.,wenn das Fahrzeug als Mietwagen genutzt wird. dürfen die Taximerkmale nicht verwendet werden (Taxi- und Ordnungsnummernschild),Nach jeder Hauptuntersuchung hat der Unternehmer eine Ausfertigung des Untersuchungsberichtes unverzüglich der Genehmigungsbehörde vorzulegen.,Der Untersuchungsbericht.,Beim fabrikneues Fahrzeug muss nur festgestellt werden. ob die BOKraft -Vorschriften erfüllt sind.,Den Untersuchungsbericht der zuständigen Genehmigungsbehörde vorzulegen.,
Was versteht man unter der Außer ordentlichen Hauptuntersuchung“? Was muss man vor der ersten Inbetriebnahme eines Fahrzeuges besonders beachten?,Solche Fahrzeuge müssen den Vorschriften entsprechen. welche die BOKraft für Taxi und für Mietwagen vorsieht (der Farbanstrich. das Taxischild. die Ordnungsnummer. der Fahrpreisanzeiger und der Wegstreckenzähler).,Der Unternehmer muss vor dem ersten Einsatz des Pkw im Unternehmen auf seine Kosten:,eine außerordentliche Hauptuntersuchung veranlassen u.,wenn das Fahrzeug als Mietwagen genutzt wird. dürfen die Taximerkmale nicht verwendet werden (Taxi- und Ordnungsnummernschild),den Untersuchungsbericht darüber unverzüglich der Genehmigungsbehörde vorlegen,Der Untersuchungsbericht.,Beim fabrikneues Fahrzeug muss nur festgestellt werden. ob die BOKraft -Vorschriften erfüllt sind.,Den Untersuchungsbericht der zuständigen Genehmigungsbehörde vorzulegen.,
Wann ist ein Taxi oder Mietwagen unabhängig vom vorgeschriebenen Zeitabstande. außerordentlichen Hauptuntersuchung zu unterziehen?,Solche Fahrzeuge müssen den Vorschriften entsprechen. welche die BOKraft für Taxi und für Mietwagen vorsieht (der Farbanstrich. das Taxischild. die Ordnungsnummer. der Fahrpreisanzeiger und der Wegstreckenzähler).,Der Unternehmer muss vor dem ersten Einsatz des Pkw im Unternehmen auf seine Kosten:,eine außerordentliche Hauptuntersuchung veranlassen u.,wenn das Fahrzeug als Mietwagen genutzt wird. dürfen die Taximerkmale nicht verwendet werden (Taxi- und Ordnungsnummernschild),den Untersuchungsbericht darüber unverzüglich der Genehmigungsbehörde vorlegen,Vor dem ersten Einsatz des Pkw im Unternehmen.,Beim fabrikneues Fahrzeug muss nur festgestellt werden. ob die BOKraft -Vorschriften erfüllt sind.,Den Untersuchungsbericht der zuständigen Genehmigungsbehörde vorzulegen.,
Welche Aufgaben haben die Taxizentralen?,Der Unternehmer muss vor dem ersten Einsatz des Pkw im Unternehmen auf seine Kosten:,eine außerordentliche Hauptuntersuchung veranlassen u.,wenn das Fahrzeug als Mietwagen genutzt wird. dürfen die Taximerkmale nicht verwendet werden (Taxi- und Ordnungsnummernschild),Weiterleitung der Fahraufträge an Taxen durch Funk.,den Untersuchungsbericht darüber unverzüglich der Genehmigungsbehörde vorlegen,Einsatz der Fahrzeuge auf dem kürzesten und kostengünstigsten Weg zur Kunden,Den Untersuchungsbericht der zuständigen Genehmigungsbehörde vorzulegen.,Entgegennahme von Vorbestellungen und termingerechter Ausführung,
Welche Rolle spielt bei dem Vertragsabschluss eine Taxizentrale (Vermittlungszentrale)?,Wenn eine Taxifahrt über die Vermittlungszentrale zustande kommt. so wird der Beförderungsvertrag zwischen dem Taxiunternehmer und dem Fahrgast abgeschlossen,Auftragsannahme und Weiterleitung durch die Taxizentrale stellt die Erfüllung eines Vermittlungsvertrages dar.,wenn das Fahrzeug als Mietwagen genutzt wird. dürfen die Taximerkmale nicht verwendet werden (Taxi- und Ordnungsnummernschild),Weiterleitung der Fahraufträge an Taxen durch Funk.,den Untersuchungsbericht darüber unverzüglich der Genehmigungsbehörde vorlegen,Einsatz der Fahrzeuge auf dem kürzesten und kostengünstigsten Weg zur Kunden,Den Untersuchungsbericht der zuständigen Genehmigungsbehörde vorzulegen.,Entgegennahme von Vorbestellungen und termingerechter Ausführung,
Welche Vorteile hat der einzelne Unternehmer. wenn er sich einer Taxizentrale anschließt?,Wenn eine Taxifahrt über die Vermittlungszentrale zustande kommt. so wird der Beförderungsvertrag zwischen dem Taxiunternehmer und dem Fahrgast abgeschlossen,Auftragsannahme und Weiterleitung durch die Taxizentrale stellt die Erfüllung eines Vermittlungsvertrages dar.,Verbesserung zwischen Besetzt- und Leerkilometern.,gibt dem Fahrpersonal größere Sicherheit.,den Untersuchungsbericht darüber unverzüglich der Genehmigungsbehörde vorlegen,Einsatz der Fahrzeuge auf dem kürzesten und kostengünstigsten Weg zur Kunden,Den Untersuchungsbericht der zuständigen Genehmigungsbehörde vorzulegen.,Entgegennahme von Vorbestellungen und termingerechter Ausführung,
Welche technische Einrichtung wird heute als Vermittlungssystem für Taxiverkehr eing,Wenn eine Taxifahrt über die Vermittlungszentrale zustande kommt. so wird der Beförderungsvertrag zwischen dem Taxiunternehmer und dem Fahrgast abgeschlossen,Taxifunk.,Verbesserung zwischen Besetzt- und Leerkilometern.,gibt dem Fahrpersonal größere Sicherheit.,Autotelefon,Einsatz der Fahrzeuge auf dem kürzesten und kostengünstigsten Weg zur Kunden,Den Untersuchungsbericht der zuständigen Genehmigungsbehörde vorzulegen.,Entgegennahme von Vorbestellungen und termingerechter Ausführung,
Welche Vorteile hat der Funk?,Wenn eine Taxifahrt über die Vermittlungszentrale zustande kommt. so wird der Beförderungsvertrag zwischen dem Taxiunternehmer und dem Fahrgast abgeschlossen,Taxifunk.,Verbesserung zwischen Besetzt- und Leerkilometern.,gibt dem Fahrpersonal größere Sicherheit.,Autotelefon,schnelle und wirtschaftliche Ausführung von Fahraufträge und,Den Untersuchungsbericht der zuständigen Genehmigungsbehörde vorzulegen.,dient der Sicherheit. weil über Funk im Notfall schnell Hilfe geholt werden kann.,
Was versteht man unter Funkdisziplin?,Wenn eine Taxifahrt über die Vermittlungszentrale zustande kommt. so wird der Beförderungsvertrag zwischen dem Taxiunternehmer und dem Fahrgast abgeschlossen,Taxifunk.,Verbesserung zwischen Besetzt- und Leerkilometern.,Ein Verhalten. durch das Störungen des Funkbereiches. aller Teilnehmer so gering wie möglich gehalten werden,Autotelefon,schnelle und wirtschaftliche Ausführung von Fahraufträge und,Den Untersuchungsbericht der zuständigen Genehmigungsbehörde vorzulegen.,dient der Sicherheit. weil über Funk im Notfall schnell Hilfe geholt werden kann.,
Was ist für den Betrieb eines Funkgerätes erforderlich?,Wenn eine Taxifahrt über die Vermittlungszentrale zustande kommt. so wird der Beförderungsvertrag zwischen dem Taxiunternehmer und dem Fahrgast abgeschlossen,Taxifunk.,Verbesserung zwischen Besetzt- und Leerkilometern.,Ein Verhalten. durch das Störungen des Funkbereiches. aller Teilnehmer so gering wie möglich gehalten werden,Autotelefon,schnelle und wirtschaftliche Ausführung von Fahraufträge und,Die Genehmigung des Fernmeldeamtes ist notwendig.,Den Untersuchungsbericht der zuständigen Genehmigungsbehörde vorzulegen.,
Bei welcher Stelle muss die Zuteilung einer Funkfrequenz beantragt werden?,Wenn eine Taxifahrt über die Vermittlungszentrale zustande kommt. so wird der Beförderungsvertrag zwischen dem Taxiunternehmer und dem Fahrgast abgeschlossen,Taxifunk.,Verbesserung zwischen Besetzt- und Leerkilometern.,Ein Verhalten. durch das Störungen des Funkbereiches. aller Teilnehmer so gering wie möglich gehalten werden,Bei der zuständigen Außenstelle der Regulierungsbehörde für Telekommunikation und Post (RegTP).,schnelle und wirtschaftliche Ausführung von Fahraufträge und,Die Genehmigung des Fernmeldeamtes ist notwendig.,Den Untersuchungsbericht der zuständigen Genehmigungsbehörde vorzulegen.,
Eine Zuteilung einer BetriebsfunkLizenz geschieht durch eine Behörde. Welche? Kreuzen Sie an.,Straßenverkehrsamt der kreisfreien Stad,Taxifunk.,Ordnungsamt der Gemeinde,(x) Außenstelle der Regulierungsbehörde für,Bei der zuständigen Außenstelle der Regulierungsbehörde für Telekommunikation und Post (RegTP).,Telekommunikation und Post,Landesverkehrskehrministerium. Abt.,Frequenzzuteilung,
Welche Voraussetzungen muss der Unternehmer erfüllen. wenn er eine Genehmigung für ein Funkgerät haben möchte?,Straßenverkehrsamt der kreisfreien Stad,das Gerät muss vom Fernmeldeamt geprüft werden.,Ordnungsamt der Gemeinde,(x) Außenstelle der Regulierungsbehörde für,in Bedürfnis muss nachgewiesen werden,Telekommunikation und Post,gewünschte Nachrichtenaustausch darf nicht mit Hilfe d. vorhandenen öffentlichen Fernmeldenetze möglich sein.,der Antragsteller darf mit seiner Fernmeldegebühr nicht im Rückstand sein.,
Welcher Funkversorgungsbereich wird für d. Taxi- und Mietwagenverkehr im Allgemeinen festgelegt?,10 Kilometern.,das Gerät muss vom Fernmeldeamt geprüft werden.,5 Kilometern in Großstädten mit mehr als 500.000 Einwohnern.,(x) Außenstelle der Regulierungsbehörde für,in Bedürfnis muss nachgewiesen werden,Telekommunikation und Post,gewünschte Nachrichtenaustausch darf nicht mit Hilfe d. vorhandenen öffentlichen Fernmeldenetze möglich sein.,der Antragsteller darf mit seiner Fernmeldegebühr nicht im Rückstand sein.,
Müssen Taxi- und Mietwagen mit einer Trennwand ausgerüstet sein?,10 Kilometern.,das Gerät muss vom Fernmeldeamt geprüft werden.,5 Kilometern in Großstädten mit mehr als 500.000 Einwohnern.,Nein. aber sie können mit einer Trennwand ausgerüstet sein.,in Bedürfnis muss nachgewiesen werden,Telekommunikation und Post,gewünschte Nachrichtenaustausch darf nicht mit Hilfe d. vorhandenen öffentlichen Fernmeldenetze möglich sein.,der Antragsteller darf mit seiner Fernmeldegebühr nicht im Rückstand sein.,
Wer unterliegt bei einer Taxi- oder Mietwagenfahrt der Gurtanlegepflicht?,der Antragsteller darf mit seiner Fernmeldegebühr nicht im Rückstand sein.,das Gerät muss vom Fernmeldeamt geprüft werden.,Nein. aber sie können mit einer Trennwand ausgerüstet sein.,in Bedürfnis muss nachgewiesen werden,Telekommunikation und Post,gewünschte Nachrichtenaustausch darf nicht mit Hilfe d. vorhandenen öffentlichen Fernmeldenetze möglich sein.,Jeder über 12 Jahre alte Fahrgast.,Taxi- und Mietwagenfahrer bei Leerfahrten.,
Wie steht es mit der Gurtpflicht für den Fahrer?,der Antragsteller darf mit seiner Fernmeldegebühr nicht im Rückstand sein., bei Leerfahrten besteht die Gurtpflicht.,Nein. aber sie können mit einer Trennwand ausgerüstet sein.,bei Besetztfahrten nicht.,Telekommunikation und Post,gewünschte Nachrichtenaustausch darf nicht mit Hilfe d. vorhandenen öffentlichen Fernmeldenetze möglich sein.,Jeder über 12 Jahre alte Fahrgast.,Taxi- und Mietwagenfahrer bei Leerfahrten.,
Ist ein Taxiunternehmer verpflichtet. den genehmigten Taxibetrieb auch durchz,der Antragsteller darf mit seiner Fernmeldegebühr nicht im Rückstand sein., bei Leerfahrten besteht die Gurtpflicht.,Ja. jeder Unternehmer ist verpflichtet. den Betrieb ordnungsgemäß einzurichten und während der Dauer der Genehmigung nach dem Stand der Technik und den Bedürfnissen des Verkehrsordnungsgemäß aufrechtzuerhalten. Verstöße gegen die Betriebspflicht stellen einen Widerrufsgrund dar,Nein. aber sie können mit einer Trennwand ausgerüstet sein.,bei Besetztfahrten nicht.,gewünschte Nachrichtenaustausch darf nicht mit Hilfe d. vorhandenen öffentlichen Fernmeldenetze möglich sein.,Jeder über 12 Jahre alte Fahrgast.,Taxi- und Mietwagenfahrer bei Leerfahrten.,
Was kann geschehen. wenn der Taxibetrieb nicht aufgenommen wird?,der Antragsteller darf mit seiner Fernmeldegebühr nicht im Rückstand sein., bei Leerfahrten besteht die Gurtpflicht.,Ja. jeder Unternehmer ist verpflichtet. den Betrieb ordnungsgemäß einzurichten und während der Dauer der Genehmigung nach dem Stand der Technik und den Bedürfnissen des Verkehrsordnungsgemäß aufrechtzuerhalten. Verstöße gegen die Betriebspflicht stellen einen Widerrufsgrund dar,Nein. aber sie können mit einer Trennwand ausgerüstet sein.,bei Besetztfahrten nicht.,gewünschte Nachrichtenaustausch darf nicht mit Hilfe d. vorhandenen öffentlichen Fernmeldenetze möglich sein.,Die Genehmigungsbehörde kann dem Unternehmer für die Aufnahme des Betriebes eine Frist setzen. Nach erfolglosem Fristablauf erlischt die Genehmigung.,Taxi- und Mietwagenfahrer bei Leerfahrten.,
Wodurch kommt eine rechtliche Beziehung (Vertrag) zwischen dem Taxiunternehmer und dem Fahrgast zustande?,der Antragsteller darf mit seiner Fernmeldegebühr nicht im Rückstand sein., bei Leerfahrten besteht die Gurtpflicht.,Ja. jeder Unternehmer ist verpflichtet. den Betrieb ordnungsgemäß einzurichten und während der Dauer der Genehmigung nach dem Stand der Technik und den Bedürfnissen des Verkehrsordnungsgemäß aufrechtzuerhalten. Verstöße gegen die Betriebspflicht stellen einen Widerrufsgrund dar,Durch Abschluss eines Beförderungsvertrages. Das Angebot geht vom Fahrgast aus (Der Fahrgast bestellt ein Taxi). Durch Annahme des Angebotes durch den Unternehmer oder seiner Erfüllungsgehilfen (Fahrer) ist der Beförderungsvertrag abgeschlossen. Vertragsparteien sind der Fahrgast und der Taxiunternehmer.,bei Besetztfahrten nicht.,gewünschte Nachrichtenaustausch darf nicht mit Hilfe d. vorhandenen öffentlichen Fernmeldenetze möglich sein.,Die Genehmigungsbehörde kann dem Unternehmer für die Aufnahme des Betriebes eine Frist setzen. Nach erfolglosem Fristablauf erlischt die Genehmigung.,Taxi- und Mietwagenfahrer bei Leerfahrten.,
Welche Vertragspflichten haben der Unternehmer und der Fahrgast?,der Antragsteller darf mit seiner Fernmeldegebühr nicht im Rückstand sein.,Welche Vertragspflichten haben der Unternehmer und der Fahrgast?, bei Leerfahrten besteht die Gurtpflicht.,er hat für die Unversehrtheit des Fahrgastes zu sorgen,bei Besetztfahrten nicht.,Die Fahrgäste haben sich so zu verhalten. dass die Sicherheit und Ordnung des Betriebes und die Rücksicht auf andere Personen gebieten,Anweisungen des Betriebspersonals ist zu folgen und,der Beförderungspreis muss entrichtet werden.,
Ist jeder Taxiunternehmer verpflichtet. mit dem Interes senten einen Vertrag abzuschließen und ihn zu befördern?,Er ist verpflichtet. alle Interessenten innerhalb des Pflichtfahrbereiches zu befördern. wenn die Beförderungsbedingungen eingehalten werden,Welche Vertragspflichten haben der Unternehmer und der Fahrgast?,Er hat insoweit „Beförderungspflicht“.,er hat für die Unversehrtheit des Fahrgastes zu sorgen,bei Besetztfahrten nicht.,Die Fahrgäste haben sich so zu verhalten. dass die Sicherheit und Ordnung des Betriebes und die Rücksicht auf andere Personen gebieten,Anweisungen des Betriebspersonals ist zu folgen und,der Beförderungspreis muss entrichtet werden.,
Was geschieht. wenn der Unternehmer seinen Betriebssitz in eine andere Gemeinde verlegt?,x) Den Arbeitgeber,Unternehmer muss den Unfall binnen 3 Tagen bei der Berufsgenossenschaft für Fahrzeughaltungen anzeigen. • Unternehmer muss eine Kopie dieser Unfallanzeige dem Amt für Arbeitsschutz übersenden,Die Genehmigung erlischt. Er darf keine Fahrten mehr durchführen. es sei denn. er hat eine neue Genehmigung für die neue Gemeinde,Berufsgenossenschaft,Jeder Arbeitsunfall muss innerhalb von 3 Tagen bei der Berufsgenossenschaft für Fahrzeughaltungen (BGF) gemeldet werden.,Die zuständige Berufsgenossenschaft.,x) Arbeitgeber.,Gewerbeaufsichtsamt,
Wie erfolgt die Fahrgastaufnahme an Taxistandplätzen?,x) Den Arbeitgeber,Unternehmer muss den Unfall binnen 3 Tagen bei der Berufsgenossenschaft für Fahrzeughaltungen anzeigen. • Unternehmer muss eine Kopie dieser Unfallanzeige dem Amt für Arbeitsschutz übersenden,Die Genehmigung erlischt. Er darf keine Fahrten mehr durchführen. es sei denn. er hat eine neue Genehmigung für die neue Gemeinde,Berufsgenossenschaft,Jeder Arbeitsunfall muss innerhalb von 3 Tagen bei der Berufsgenossenschaft für Fahrzeughaltungen (BGF) gemeldet werden.,Die Regelung erfolgt durch die Taxiordnung (in der Regel = der Reihe nach. aber Fahrgast hat die freie Wahl).,x) Arbeitgeber.,Gewerbeaufsichtsamt,
"Darf ein Taxi an einem Taxistand abgestellt werden, auch wenn keine Betriebsbereitschaft besteht?",x) Den Arbeitgeber,Unternehmer muss den Unfall binnen 3 Tagen bei der Berufsgenossenschaft für Fahrzeughaltungen anzeigen. • Unternehmer muss eine Kopie dieser Unfallanzeige dem Amt für Arbeitsschutz übersenden,Die Genehmigung erlischt. Er darf keine Fahrten mehr durchführen. es sei denn. er hat eine neue Genehmigung für die neue Gemeinde,Berufsgenossenschaft,"Nein, Taxen dürfen nur dann am Taxenstand stehen, wenn sie betriebsbereit sind.",Die Regelung erfolgt durch die Taxiordnung (in der Regel = der Reihe nach. aber Fahrgast hat die freie Wahl).,x) Arbeitgeber.,Gewerbeaufsichtsamt,
Unter welchen Voraussetzungen dürfen andere Verkehrsteilnehmer auf einem Taxenstand halten?,Am Taxenstand ist das Halten und Parken für andere Verkehrsteilnehmer verboten.,Unternehmer muss den Unfall binnen 3 Tagen bei der Berufsgenossenschaft für Fahrzeughaltungen anzeigen. • Unternehmer muss eine Kopie dieser Unfallanzeige dem Amt für Arbeitsschutz übersenden,Die Genehmigung erlischt. Er darf keine Fahrten mehr durchführen. es sei denn. er hat eine neue Genehmigung für die neue Gemeinde,Berufsgenossenschaft,"Nein, Taxen dürfen nur dann am Taxenstand stehen, wenn sie betriebsbereit sind.",Die Regelung erfolgt durch die Taxiordnung (in der Regel = der Reihe nach. aber Fahrgast hat die freie Wahl).,x) Arbeitgeber.,Gewerbeaufsichtsamt,
Wer bestimmt im Taxenverkehr die Höhe des zu entrichtenden Beförderungsentgelts?,Am Taxenstand ist das Halten und Parken für andere Verkehrsteilnehmer verboten.,Die Landesregierung oder die eingesetzte Genehmigungsbehörde bestimmt durch Rechtsverordnung die Höhe des Beförderungsentgeltes,Die Genehmigung erlischt. Er darf keine Fahrten mehr durchführen. es sei denn. er hat eine neue Genehmigung für die neue Gemeinde,Berufsgenossenschaft,"Nein, Taxen dürfen nur dann am Taxenstand stehen, wenn sie betriebsbereit sind.",Die Regelung erfolgt durch die Taxiordnung (in der Regel = der Reihe nach. aber Fahrgast hat die freie Wahl).,x) Arbeitgeber.,Gewerbeaufsichtsamt,
Darf der einzelne Taxiunternehmer von den festgesetzten Entgelten abweichen?,Am Taxenstand ist das Halten und Parken für andere Verkehrsteilnehmer verboten.,Die Landesregierung oder die eingesetzte Genehmigungsbehörde bestimmt durch Rechtsverordnung die Höhe des Beförderungsentgeltes,Die Genehmigung erlischt. Er darf keine Fahrten mehr durchführen. es sei denn. er hat eine neue Genehmigung für die neue Gemeinde,Berufsgenossenschaft,"Nein, Taxen dürfen nur dann am Taxenstand stehen, wenn sie betriebsbereit sind.",Die Regelung erfolgt durch die Taxiordnung (in der Regel = der Reihe nach. aber Fahrgast hat die freie Wahl).,Darf der einzelne Taxiunternehmer von den festgesetzten Entgelten abweichen?,außerhalb des Pflichtfahrbereiches können die Entgelten frei vereinbart werden.,
außerhalb des Pflichtfahrbereiches können die Entgelten frei vereinbart werden.,Am Taxenstand ist das Halten und Parken für andere Verkehrsteilnehmer verboten.,Die Landesregierung oder die eingesetzte Genehmigungsbehörde bestimmt durch Rechtsverordnung die Höhe des Beförderungsentgeltes,Die Genehmigung erlischt. Er darf keine Fahrten mehr durchführen. es sei denn. er hat eine neue Genehmigung für die neue Gemeinde,außerhalb des Pflichtfahrbereiches können die Entgelten frei vereinbart werden.,"Nein, Taxen dürfen nur dann am Taxenstand stehen, wenn sie betriebsbereit sind.",Die Regelung erfolgt durch die Taxiordnung (in der Regel = der Reihe nach. aber Fahrgast hat die freie Wahl).,Darf der einzelne Taxiunternehmer von den festgesetzten Entgelten abweichen?,außerhalb des Pflichtfahrbereiches können die Entgelten frei vereinbart werden.,
Was kann die Tarifverordnung im Einzelnen regeln?,Grundpreise. Kilometerpreise. Zeitpreise und Zuschläge.,Am Taxenstand ist das Halten und Parken für andere Verkehrsteilnehmer verboten.,Vorauszahlungen.,außerhalb des Pflichtfahrbereiches können die Entgelten frei vereinbart werden.,die Abrechnung.,Die Regelung erfolgt durch die Taxiordnung (in der Regel = der Reihe nach. aber Fahrgast hat die freie Wahl).,die Zahlungsweise und,Sondervereinbarungen für den Pflichtfahrbereich.,
Unter welchen Bedingungen sind Sondervereinbarungen für den Pflichtfahrbereich zulässig?,Grundpreise. Kilometerpreise. Zeitpreise und Zuschläge.,Sondervereinbarungen für den Pflichtfahrbereich sind nur dann zulässig. wenn,ein bestimmter Zeitraum. eine Mindestfahrtenzahl oder ein Mindestumsatz im Monat festgelegt wird.,ein bestimmter Zeitraum. eine Mindestfahrtenzahl oder ein Mindestumsatz im Monat festgelegt wird.,ein bestimmter Zeitraum. eine Mindestfahrtenzahl oder ein Mindestumsatz im Monat festgelegt wird.,ein bestimmter Zeitraum. eine Mindestfahrtenzahl oder ein Mindestumsatz im Monat festgelegt wird.,Am Taxenstand ist das Halten und Parken für andere Verkehrsteilnehmer verboten.,Sondervereinbarungen für den Pflichtfahrbereich.,
Ist ein Taxiunternehmer verpflichtet. die Vorschriften über die Beförderungsentgelte und bedingungen mitzuführen?,Grundpreise. Kilometerpreise. Zeitpreise und Zuschläge.,Sondervereinbarungen für den Pflichtfahrbereich sind nur dann zulässig. wenn,ein bestimmter Zeitraum. eine Mindestfahrtenzahl oder ein Mindestumsatz im Monat festgelegt wird.,ein bestimmter Zeitraum. eine Mindestfahrtenzahl oder ein Mindestumsatz im Monat festgelegt wird.,ein bestimmter Zeitraum. eine Mindestfahrtenzahl oder ein Mindestumsatz im Monat festgelegt wird.,ein bestimmter Zeitraum. eine Mindestfahrtenzahl oder ein Mindestumsatz im Monat festgelegt wird.,Am Taxenstand ist das Halten und Parken für andere Verkehrsteilnehmer verboten.,Ist ein Taxiunternehmer verpflichtet. die Vorschriften über die Beförderungsentgelte und bedingungen mitzuführen?,
Ist ein Taxiunternehmer verpflichtet. die Vorschriften über die Beförderungsentgelte und bedingungen mitzuführen?,Grundpreise. Kilometerpreise. Zeitpreise und Zuschläge.,Sondervereinbarungen für den Pflichtfahrbereich sind nur dann zulässig. wenn,Nein. jeder Taxifahrer ist verpflichtet. die in einer Tarif ordnung festgesetzte Anfahrberechnung auch zu kassieren.,ein bestimmter Zeitraum. eine Mindestfahrtenzahl oder ein Mindestumsatz im Monat festgelegt wird.,ein bestimmter Zeitraum. eine Mindestfahrtenzahl oder ein Mindestumsatz im Monat festgelegt wird.,ein bestimmter Zeitraum. eine Mindestfahrtenzahl oder ein Mindestumsatz im Monat festgelegt wird.,Am Taxenstand ist das Halten und Parken für andere Verkehrsteilnehmer verboten.,Ist ein Taxiunternehmer verpflichtet. die Vorschriften über die Beförderungsentgelte und bedingungen mitzuführen?,
Wie muss dem Fahrgast jederzeit das zu zahlende Entgelt kenntlich gemacht werden?,Grundpreise. Kilometerpreise. Zeitpreise und Zuschläge.,Sondervereinbarungen für den Pflichtfahrbereich sind nur dann zulässig. wenn,Nein. jeder Taxifahrer ist verpflichtet. die in einer Tarif ordnung festgesetzte Anfahrberechnung auch zu kassieren.,Der Fahrpreis muss durch einen beleuchtbaren Fahrpreisanzeiger (Taxameter) für den Fahrgast zu erkennen sein,ein bestimmter Zeitraum. eine Mindestfahrtenzahl oder ein Mindestumsatz im Monat festgelegt wird.,ein bestimmter Zeitraum. eine Mindestfahrtenzahl oder ein Mindestumsatz im Monat festgelegt wird.,Am Taxenstand ist das Halten und Parken für andere Verkehrsteilnehmer verboten.,Ist ein Taxiunternehmer verpflichtet. die Vorschriften über die Beförderungsentgelte und bedingungen mitzuführen?,
Was muss der Fahrpreisanzeiger anzeigen?,Grundpreise. Kilometerpreise. Zeitpreise und Zuschläge.,Sondervereinbarungen für den Pflichtfahrbereich sind nur dann zulässig. wenn,Nein. jeder Taxifahrer ist verpflichtet. die in einer Tarif ordnung festgesetzte Anfahrberechnung auch zu kassieren.,Der Fahrpreis muss durch einen beleuchtbaren Fahrpreisanzeiger (Taxameter) für den Fahrgast zu erkennen sein,Das Beförderungsentgelt. getrennt nach Fahrpreis und Zuschlägen. und anzuwendende Tarifstufe.,ein bestimmter Zeitraum. eine Mindestfahrtenzahl oder ein Mindestumsatz im Monat festgelegt wird.,Am Taxenstand ist das Halten und Parken für andere Verkehrsteilnehmer verboten.,Ist ein Taxiunternehmer verpflichtet. die Vorschriften über die Beförderungsentgelte und bedingungen mitzuführen?,
Das Beförderungsentgelt. getrennt nach Fahrpreis und Zuschlägen. und anzuwendende Tarifstufe.,Grundpreise. Kilometerpreise. Zeitpreise und Zuschläge.,Sondervereinbarungen für den Pflichtfahrbereich sind nur dann zulässig. wenn,Nein. jeder Taxifahrer ist verpflichtet. die in einer Tarif ordnung festgesetzte Anfahrberechnung auch zu kassieren.,Der Fahrpreis muss durch einen beleuchtbaren Fahrpreisanzeiger (Taxameter) für den Fahrgast zu erkennen sein,Das Beförderungsentgelt. getrennt nach Fahrpreis und Zuschlägen. und anzuwendende Tarifstufe.,ein bestimmter Zeitraum. eine Mindestfahrtenzahl oder ein Mindestumsatz im Monat festgelegt wird.,Am Taxenstand ist das Halten und Parken für andere Verkehrsteilnehmer verboten.,Nein. dies ist gesetzlich verboten,
Wie verhält man sich beim Versagen des Fahrpreisanzeigers?,Sondervereinbarungen für den Pflichtfahrbereich sind nur dann zulässig. wenn,Das Beförderungsentgelt wird nach der gefahrenen Strecke berechnet,der Fahrgast ist unverzüglich darauf aufmerksam zu machen und,der Fahrgast ist unverzüglich darauf aufmerksam zu machen und behoben werden. ,Nein. jeder Taxifahrer ist verpflichtet. die in einer Tarif ordnung festgesetzte Anfahrberechnung auch zu kassieren.,Der Fahrpreis muss durch einen beleuchtbaren Fahrpreisanzeiger (Taxameter) für den Fahrgast zu erkennen sein,Das Beförderungsentgelt. getrennt nach Fahrpreis und Zuschlägen. und anzuwendende Tarifstufe.,ein bestimmter Zeitraum. eine Mindestfahrtenzahl oder ein Mindestumsatz im Monat festgelegt wird.,
Wie verhält man sich bei Fahr- ten. deren Ziel außerhalb des Geltungsbereiches der festgesetzten Beförderungsentgelte,Sondervereinbarungen für den Pflichtfahrbereich sind nur dann zulässig. wenn,Das Beförderungsentgelt wird nach der gefahrenen Strecke berechnet,der Fahrgast ist unverzüglich darauf aufmerksam zu machen und,der Fahrgast ist unverzüglich darauf aufmerksam zu machen und behoben werden. ,Der Taxifahrer muss den Fahrgast vor Fahrtbeginn hinweisen. dass das Beförderungsentgelt für die gesamte Fahrstrecke frei zu vereinbaren ist. weil der Pflichtfahrbereich verlassen wird.,Der Fahrpreis muss durch einen beleuchtbaren Fahrpreisanzeiger (Taxameter) für den Fahrgast zu erkennen sein,Das Beförderungsentgelt. getrennt nach Fahrpreis und Zuschlägen. und anzuwendende Tarifstufe.,ein bestimmter Zeitraum. eine Mindestfahrtenzahl oder ein Mindestumsatz im Monat festgelegt wird.,
Darf ein Taxifahrer Radio hören?,Sondervereinbarungen für den Pflichtfahrbereich sind nur dann zulässig. wenn,Das Beförderungsentgelt wird nach der gefahrenen Strecke berechnet,der Fahrgast ist unverzüglich darauf aufmerksam zu machen und,der Fahrgast ist unverzüglich darauf aufmerksam zu machen und behoben werden. ,Der Taxifahrer muss den Fahrgast vor Fahrtbeginn hinweisen. dass das Beförderungsentgelt für die gesamte Fahrstrecke frei zu vereinbaren ist. weil der Pflichtfahrbereich verlassen wird.,Der Fahrpreis muss durch einen beleuchtbaren Fahrpreisanzeiger (Taxameter) für den Fahrgast zu erkennen sein,Ja. Tonrundfunkempfänger und -wiedergabegeräte dürfen während der Beförderung von Fahrgästen benutzt werden,ein bestimmter Zeitraum. eine Mindestfahrtenzahl oder ein Mindestumsatz im Monat festgelegt wird.,
Darf sich ein Taxifahrer mit den Fahrgästen unterhalten?,Ja. das Unterhaltungsverbot gilt nicht mehr für Taxen und Mietwagen.,Sondervereinbarungen für den Pflichtfahrbereich sind nur dann zulässig. wenn,Das Beförderungsentgelt wird nach der gefahrenen Strecke berechnet,der Fahrgast ist unverzüglich darauf aufmerksam zu machen und,der Fahrgast ist unverzüglich darauf aufmerksam zu machen und behoben werden. ,Der Taxifahrer muss den Fahrgast vor Fahrtbeginn hinweisen. dass das Beförderungsentgelt für die gesamte Fahrstrecke frei zu vereinbaren ist. weil der Pflichtfahrbereich verlassen wird.,Der Fahrpreis muss durch einen beleuchtbaren Fahrpreisanzeiger (Taxameter) für den Fahrgast zu erkennen sein,Ja. Tonrundfunkempfänger und -wiedergabegeräte dürfen während der Beförderung von Fahrgästen benutzt werden,
Darf man ein Taxi an Selbstfahrer vermieten?,Ja. das Unterhaltungsverbot gilt nicht mehr für Taxen und Mietwagen.,Die Vermietung von Taxis an Selbstfahrer ist verboten.,Sondervereinbarungen für den Pflichtfahrbereich sind nur dann zulässig. wenn,Das Beförderungsentgelt wird nach der gefahrenen Strecke berechnet,der Fahrgast ist unverzüglich darauf aufmerksam zu machen und,der Fahrgast ist unverzüglich darauf aufmerksam zu machen und behoben werden. ,Der Taxifahrer muss den Fahrgast vor Fahrtbeginn hinweisen. dass das Beförderungsentgelt für die gesamte Fahrstrecke frei zu vereinbaren ist. weil der Pflichtfahrbereich verlassen wird.,Der Fahrpreis muss durch einen beleuchtbaren Fahrpreisanzeiger (Taxameter) für den Fahrgast zu erkennen sein,
Welchen Untersuchungen sind TuM zu unterziehen?,Ja. das Unterhaltungsverbot gilt nicht mehr für Taxen und Mietwagen.,Die Vermietung von Taxis an Selbstfahrer ist verboten.,Hauptuntersuchung HU.,Abgasuntersuchung AU,Sondervereinbarungen für den Pflichtfahrbereich sind nur dann zulässig. wenn,Das Beförderungsentgelt wird nach der gefahrenen Strecke berechnet,der Fahrgast ist unverzüglich darauf aufmerksam zu machen und,der Fahrgast ist unverzüglich darauf aufmerksam zu machen und behoben werden. ,
Wer ist verantwortlich für den ordnungsgemäßen Betrieb d.Kfz?,Ja. das Unterhaltungsverbot gilt nicht mehr für Taxen und Mietwagen.,Halter und Fahrzeugführer.,Hauptuntersuchung HU.,Abgasuntersuchung AU,Sondervereinbarungen für den Pflichtfahrbereich sind nur dann zulässig. wenn,Das Beförderungsentgelt wird nach der gefahrenen Strecke berechnet,der Fahrgast ist unverzüglich darauf aufmerksam zu machen und,der Fahrgast ist unverzüglich darauf aufmerksam zu machen und behoben werden. ,
Was muss sich d. Taxi- und Mietwagenunternehmer vom Fahrer vorlegen lassen?,Ja. das Unterhaltungsverbot gilt nicht mehr für Taxen und Mietwagen.,Halter und Fahrzeugführer.,Hauptuntersuchung HU.,Führerschein Klasse 3 und Führerschein für Fahrgastbeförderung,Sondervereinbarungen für den Pflichtfahrbereich sind nur dann zulässig. wenn,Das Beförderungsentgelt wird nach der gefahrenen Strecke berechnet,der Fahrgast ist unverzüglich darauf aufmerksam zu machen und,der Fahrgast ist unverzüglich darauf aufmerksam zu machen und behoben werden. ,
Wer ist verantwortlich. dass die Rechtsvorschriften über den Betrieb eingehalten werden?,Ja. das Unterhaltungsverbot gilt nicht mehr für Taxen und Mietwagen.,Halter und Fahrzeugführer.,Hauptuntersuchung HU.,Führerschein Klasse 3 und Führerschein für Fahrgastbeförderung,Sondervereinbarungen für den Pflichtfahrbereich sind nur dann zulässig. wenn,Das Beförderungsentgelt wird nach der gefahrenen Strecke berechnet,der Fahrgast ist unverzüglich darauf aufmerksam zu machen und,Der Unternehmer,
Was hat der Unternehmer beim Einsatz des Fahr- und Betriebspersonals zu beachten?,Ja. das Unterhaltungsverbot gilt nicht mehr für Taxen und Mietwagen.,Halter und Fahrzeugführer.,Hauptuntersuchung HU.,Führerschein Klasse 3 und Führerschein für Fahrgastbeförderung,Sondervereinbarungen für den Pflichtfahrbereich sind nur dann zulässig. wenn,Das Beförderungsentgelt wird nach der gefahrenen Strecke berechnet,Der Fahrer muss alle notwendigen Dokumente haben.,der Fahrgast ist unverzüglich darauf aufmerksam zu machen und,
Was gilt hinsichtlich der Kennzeichnung von Mietwagen?,Ja. das Unterhaltungsverbot gilt nicht mehr für Taxen und Mietwagen.,Halter und Fahrzeugführer.,Hauptuntersuchung HU.,Führerschein Klasse 3 und Führerschein für Fahrgastbeförderung,Mietwagen dürfen nicht mit für Taxis vorbehaltenen Zeichen und die Merkmalen kenntlich gemacht werden,Das Beförderungsentgelt wird nach der gefahrenen Strecke berechnet,Der Fahrer muss alle notwendigen Dokumente haben.,der Fahrgast ist unverzüglich darauf aufmerksam zu machen und,
Warum darf die dem Taxi vorbehaltene Kennzeichnung nicht an Mietwagen verwendet werden?,Halter und Fahrzeugführer.,Hauptuntersuchung HU.,Führerschein Klasse 3 und Führerschein für Fahrgastbeförderung,Damit es keine Verwechslung mit den Taxi gibt.,Mietwagen dürfen nicht mit für Taxis vorbehaltenen Zeichen und die Merkmalen kenntlich gemacht werden,Das Beförderungsentgelt wird nach der gefahrenen Strecke berechnet,Der Fahrer muss alle notwendigen Dokumente haben.,der Fahrgast ist unverzüglich darauf aufmerksam zu machen und,
Wann ist der Einsatz von Funkgeräten oder Autotelefonen auch im Mietwagenverkehr zulässig?,Hauptuntersuchung HU.,Rückkehrpflicht.,Führerschein Klasse 3 und Führerschein für Fahrgastbeförderung,Damit es keine Verwechslung mit den Taxi gibt.,Bereithalteverbot für mietwagenunternehmer,Das Beförderungsentgelt wird nach der gefahrenen Strecke berechnet,Der Fahrer muss alle notwendigen Dokumente haben.,der Fahrgast ist unverzüglich darauf aufmerksam zu machen und,
Dürfen auf dem Rücksitz 4 Personen befördert werden. obwohl dort max. 3 Gurte vorhanden sind?,Hauptuntersuchung HU.,Rückkehrpflicht.,Führerschein Klasse 3 und Führerschein für Fahrgastbeförderung,Nein. Fahrgäste müssen Sicherheitsgurte anlegen. soweit sie vorhandeln sind.,Damit es keine Verwechslung mit den Taxi gibt.,Bereithalteverbot für mietwagenunternehmer,Das Beförderungsentgelt wird nach der gefahrenen Strecke berechnet,Der Fahrer muss alle notwendigen Dokumente haben.,
Wo können Einzelheiten über die Betriebspflicht und den Dienstbetrieb des Taxiunternehmers geregelt sein?,In der Taxiordnung.,Hauptuntersuchung HU.,Rückkehrpflicht.,Führerschein Klasse 3 und Führerschein für Fahrgastbeförderung,Nein. Fahrgäste müssen Sicherheitsgurte anlegen. soweit sie vorhandeln sind.,Damit es keine Verwechslung mit den Taxi gibt.,Bereithalteverbot für mietwagenunternehmer,Das Beförderungsentgelt wird nach der gefahrenen Strecke berechnet,
Was gilt für das Bereithalten von Mietwagen?,In der Taxiordnung.,Hauptuntersuchung HU.,Rückkehrpflicht.,Führerschein Klasse 3 und Führerschein für Fahrgastbeförderung,Bereithalten von Mietwagen. das zur Verwechslung mit dem Taxiverkehr führen kann. ist verboten.,Damit es keine Verwechslung mit den Taxi gibt.,Bereithalteverbot für mietwagenunternehmer,Das Beförderungsentgelt wird nach der gefahrenen Strecke berechnet,
Bereithalten von Mietwagen. das zur Verwechslung mit dem Taxiverkehr führen kann. ist verboten.,Hauptuntersuchung HU.,Rückkehrpflicht.,Absprachen über Dienstbereitschaften in den Nachtstunden getroffen werden oder,Führerschein Klasse 3 und Führerschein für Fahrgastbeförderung,Bereithalten von Mietwagen. das zur Verwechslung mit dem Taxiverkehr führen kann. ist verboten.,Damit es keine Verwechslung mit den Taxi gibt.,Bedienung eines Standplatzes nach einem für alle gültigen Einsatzplan erfolgt.,Das Beförderungsentgelt wird nach der gefahrenen Strecke berechnet,